{"users": [
{
  "localId": "4KXkAm5CijY1kXkmT8UaCIZ3jEn2",
  "email": "p@gmail.com",
  "emailVerified": false,
  "passwordHash": "l8nLe9aBlBs456zPVFkyeT+trmGTBpAxh1Kr14hhS9nDB263n69a0O7t1Exu2RT4rWD8U7Zrph/DAoJpNzQfag==",
  "salt": "faVtG1c+dZZIKA==",
  "lastSignedInAt": "1555600756798",
  "createdAt": "1555600756798",
  "providerUserInfo": []
},
{
  "localId": "FOa1HlxUrad5M0LdDyex1aoGcz63",
  "email": "a@gmail.com",
  "emailVerified": true,
  "passwordHash": "bDj7OurrdPkEZ2W9C1UMMAvWaBGkFGuOO2KKnV2LcQIQ6AsZFtJRJYW2tWI7gudJmziRRZ+oc5bZZ/IPrz8AwA==",
  "salt": "wpEMSXVr4PsdcQ==",
  "lastSignedInAt": "1555570617820",
  "createdAt": "1554371890453",
  "providerUserInfo": []
},
{
  "localId": "KYzzVJ4cmGdfh0idj5q6WpVi97Z2",
  "email": "manprit@gm.com",
  "emailVerified": false,
  "passwordHash": "Mtbc7ElflJhOBzoYTCT4XcLVSoubRFKwZNxHas5Oj/tjGP2WzIUshVnDGRLyoGPFThpcmm57NkKtGctQDVQvzQ==",
  "salt": "qb8VJZNKnDvqLQ==",
  "lastSignedInAt": "1555660111324",
  "createdAt": "1555660111324",
  "providerUserInfo": []
},
{
  "localId": "VRFTiecwtccZBn5yWv8gYcHZe7r1",
  "email": "pop@gmail.com",
  "emailVerified": false,
  "passwordHash": "gPXuD9egRy2rqmUCA7hiAAh/c3VaSTISqMaDsrKIPEEj5/cnIDEq8cGkmxz0LkdtrMHlyGIA/PfrvbpwxtHfPw==",
  "salt": "c5xGOH1P/tPHJQ==",
  "lastSignedInAt": "1555662249365",
  "createdAt": "1555565056605",
  "providerUserInfo": []
},
{
  "localId": "ZI5DLNHeZnVgR8ikgoxrBrLeun53",
  "email": "bubli@g.com",
  "emailVerified": true,
  "passwordHash": "xCFzpSrRRAYRkgC0pDTH0Q8FrLPAyAydwU2sI3D7+WGyy4wLdQO8ntwCqrPH5hSJjZmVTTaLUti1TzWbGLFkuQ==",
  "salt": "BPVZQ2XBOefIPQ==",
  "lastSignedInAt": "1555660187149",
  "createdAt": "1555660187149",
  "providerUserInfo": []
},
{
  "localId": "iegcVrwb8kRr4nGdpIJoNWoQokd2",
  "email": "satsangi@gmail.com",
  "emailVerified": false,
  "passwordHash": "i5XfadkFmo65VmKH2hEETvlulVgcOJzHp6xWiS6d6ETnet0tW2EiWOHzNgoOfr05jILnF25xJri0F/iusoU/OQ==",
  "salt": "TkCQBIL5MFQQZg==",
  "lastSignedInAt": "1555680790482",
  "createdAt": "1553764302991",
  "providerUserInfo": []
},
{
  "localId": "zCZueG40ICgA9OiVjhpUsmRQjmG3",
  "email": "prashantsangtani11@gmail.com",
  "emailVerified": false,
  "passwordHash": "LV2/6kpgt73qeU1yBzeDAxctUo89LFjIYhDh+C9Uhvf7gcfk8u/ZmD4dYAGQJmkv0Ts+yRenNa5NQobvL6kzpQ==",
  "salt": "p8ZrVuHaApeyrQ==",
  "lastSignedInAt": "1555565026130",
  "createdAt": "1555565026130",
  "providerUserInfo": []
}]}
